### LightDB-查询数据

- #### SELECT 指令
```sql
lightdb@mydb=# \h SELECT
Command:     SELECT
Description: retrieve rows from a table or view
Syntax:
[ WITH [ RECURSIVE ] with_query [, ...] ]
SELECT [ ALL | DISTINCT [ ON ( expression [, ...] ) ] ]
    [ * | expression [ [ AS ] output_name ] [, ...] ]
    [ FROM from_item [, ...] ]
    [ WHERE condition ]
    [ GROUP BY grouping_element [, ...] ]
    [ HAVING condition ]
    [ WINDOW window_name AS ( window_definition ) [, ...] ]
    [ { UNION | INTERSECT | EXCEPT | MINUS } [ ALL | DISTINCT ] select ]
    [ ORDER BY expression [ ASC | DESC | USING operator ] [ NULLS { FIRST | LAST } ] [, ...] ]
    [ LIMIT { count | ALL } ]
    [ OFFSET start [ ROW | ROWS ] ]
    [ FETCH { FIRST | NEXT } [ count ] { ROW | ROWS } { ONLY | WITH TIES } ]
    [ FOR { UPDATE | NO KEY UPDATE | SHARE | KEY SHARE } [ OF table_name [, ...] ] [ NOWAIT | SKIP LOCKED ] [...] ]

where from_item can be one of:

    [ ONLY ] table_name [ * ] [ [ AS ] alias [ ( column_alias [, ...] ) ] ]
                [ TABLESAMPLE sampling_method ( argument [, ...] ) [ REPEATABLE ( seed ) ] ]
    [ LATERAL ] ( select ) [ AS ] alias [ ( column_alias [, ...] ) ]
    with_query_name [ [ AS ] alias [ ( column_alias [, ...] ) ] ]
    [ LATERAL ] function_name ( [ argument [, ...] ] )
                [ WITH ORDINALITY ] [ [ AS ] alias [ ( column_alias [, ...] ) ] ]
    [ LATERAL ] function_name ( [ argument [, ...] ] ) [ AS ] alias ( column_definition [, ...] )
    [ LATERAL ] function_name ( [ argument [, ...] ] ) AS ( column_definition [, ...] )
    [ LATERAL ] ROWS FROM( function_name ( [ argument [, ...] ] ) [ AS ( column_definition [, ...] ) ] [, ...] )
                [ WITH ORDINALITY ] [ [ AS ] alias [ ( column_alias [, ...] ) ] ]
    from_item [ NATURAL ] join_type from_item [ ON join_condition | USING ( join_column [, ...] ) ]

and grouping_element can be one of:

    ( )
    expression
    ( expression [, ...] )
    ROLLUP ( { expression | ( expression [, ...] ) } [, ...] )
    CUBE ( { expression | ( expression [, ...] ) } [, ...] )
    GROUPING SETS ( grouping_element [, ...] )

and with_query is:

    with_query_name [ ( column_name [, ...] ) ] AS [ [ NOT ] MATERIALIZED ] ( select | values | insert | update | delete )

TABLE [ ONLY ] table_name [ * ]

URL: https://www.postgresql.org/docs/13/sql-select.html

```

- 查询示例
```sql
# *查询所有数据,通常不推荐使用
lightdb@mydb=# SELECT * FROM weather;
     city      | temp_lo | temp_hi | prcp |    date    
---------------+---------+---------+------+------------
 San Francisco |      46 |      50 | 0.25 | 1994-11-27
 San Francisco |      43 |      57 |    0 | 1994-11-29
 Hayward       |      37 |      54 |      | 1994-11-29

#指定查询字段列
lightdb@mydb=# SELECT city, temp_lo, temp_hi, prcp, date FROM weather;
city      | temp_lo | temp_hi | prcp |    date    
---------------+---------+---------+------+------------
 San Francisco |      46 |      50 | 0.25 | 1994-11-27
 San Francisco |      43 |      57 |    0 | 1994-11-29
 Hayward       |      37 |      54 |      | 1994-11-29
(3 rows)

#使用表达式
lightdb@mydb=# SELECT city, (temp_hi+temp_lo)/2 AS temp_avg, date FROM weather;
city           | temp_avg |    date    
---------------+----------+------------
 San Francisco |       48 | 1994-11-27
 San Francisco |       50 | 1994-11-29
 Hayward       |       45 | 1994-11-29
(3 rows)

#where条件
lightdb@mydb=# SELECT * FROM weather WHERE city = 'San Francisco' AND prcp > 0.0;
city      | temp_lo | temp_hi | prcp |    date    
---------------+---------+---------+------+------------
 San Francisco |      46 |      50 | 0.25 | 1994-11-27
(1 row)

#结果排序(order by)
lightdb@mydb=# SELECT * FROM weather ORDER BY city;
city      | temp_lo | temp_hi | prcp |    date    
---------------+---------+---------+------+------------
 Hayward       |      37 |      54 |      | 1994-11-29
 San Francisco |      46 |      50 | 0.25 | 1994-11-27
 San Francisco |      43 |      57 |    0 | 1994-11-29
(3 rows)

#结果根据多个字段排序
lightdb@mydb=# SELECT * FROM weather ORDER BY city, temp_lo;
city      | temp_lo | temp_hi | prcp |    date    
---------------+---------+---------+------+------------
 Hayward       |      37 |      54 |      | 1994-11-29
 San Francisco |      43 |      57 |    0 | 1994-11-29
 San Francisco |      46 |      50 | 0.25 | 1994-11-27
(3 rows)


#去除重复
lightdb@mydb=# SELECT DISTINCT city FROM weather;
city
---------------
Hayward
 San Francisco
(2 rows)

#去除重复后排序
lightdb@mydb=# SELECT DISTINCT city FROM weather ORDER BY city;
city
---------------
Hayward
 San Francisco
(2 rows)

```